miRNA id,logFC,AveExpr,t,P.Value,adj.P.Val,B
ENSMUSG00000065458,2.741039005,9.717726143,6.225403353,7.28748e-06,0.001421816,3.935162969
ENSMUSG00000065578,2.751538729,9.801838612,6.184483804,7.91363e-06,0.001421816,3.859732434
ENSMUSG00000088544,5.368602247,3.601149642,6.702397889,2.83434e-06,0.001421816,4.541509443
ENSMUSG00000065565,2.572195465,12.64090208,5.835434311,1.61289e-05,0.001738694,3.19114977
ENSMUSG00000065423,2.5818656,12.65765037,5.915776261,1.36717e-05,0.001738694,3.34965378
ENSMUSG00000076064,-4.225461163,5.017711926,-5.698489081,2.14177e-05,0.001924023,2.825272348
ENSMUSG00000065397,4.405805031,11.01535724,5.593198828,2.66782e-05,0.00205422,2.722223226
ENSMUSG00000099076,-5.901950252,4.847717582,-5.295689277,4.99767e-05,0.00298736,2.073061071
ENSMUSG00000076033|ENSMUSG00000094403,-4.868760141,5.097613602,-5.247108578,5.54241e-05,0.00298736,1.986557494
ENSMUSG00000076236,-4.796652159,3.306055,-5.34387786,4.51139e-05,0.00298736,2.122608881
ENSMUSG00000076033|ENSMUSG00000094403,-4.295667248,5.283059287,-5.136635192,7.01921e-05,0.003439412,1.779385106
ENSMUSG00000087820,-4.620834825,1.729037632,-4.763985732,0.000157134,0.007041322,1.016936348
ENSMUSG00000065551,2.642886942,9.273803448,4.72836812,0.000169828,0.007041322,0.986026315
ENSMUSG00000098839,-3.932169934,2.326037232,-4.596491636,0.000226631,0.00872528,0.695361281
ENSMUSG00000065470,3.307531313,4.085607378,4.450351439,0.000312485,0.01122862,0.424679544
ENSMUSG00000077897,-4.697979708,4.17252904,-4.295107269,0.000440213,0.014829667,0.124635917
ENSMUSG00000088478,-3.364803923,1.65605151,-4.112689858,0.000659468,0.020909021,-0.24586918
ENSMUSG00000093096,-3.892051128,5.364918047,-4.067579128,0.000728924,0.021827222,-0.327608673
ENSMUSG00000065471,1.820028935,14.42319056,4.001304476,0.00084453,0.023957978,-0.669321774
ENSMUSG00000065489,-3.746940567,8.779279958,-3.93189452,0.000985398,0.026556487,-0.657448575
ENSMUSG00000093061,-3.031749477,4.932550203,-3.899388332,0.001059247,0.027187338,-0.662212348
ENSMUSG00000098608,-4.243348261,1.251815595,-3.863932779,0.001146131,0.028080204,-0.728777343
,-3.37717248,5.499244838,-3.822152102,0.001257711,0.02947419,-0.822240603
ENSMUSG00000065604,-3.655890868,6.413124288,-3.762580028,0.001435836,0.030956633,-0.955148389
ENSMUSG00000065439,2.221546658,11.26602456,3.767844173,0.00141913,0.030956633,-1.072806301
ENSMUSG00000093912,-2.499476833,8.866626745,-3.671888494,0.00175649,0.036413396,-1.202887291
ENSMUSG00000076218,-4.585300314,2.73703918,-3.637564154,0.001895656,0.037842913,-1.173437266
ENSMUSG00000065406,1.951973844,13.50522172,3.615538562,0.001990679,0.038320574,-1.465821301
ENSMUSG00000099245,-4.702548489,2.56599878,-3.553459063,0.002284732,0.042464494,-1.33890606
ENSMUSG00000092852,-7.034792823,12.09372,-3.530873265,0.002402086,0.043157478,-1.585029197
ENSMUSG00000076240,-4.329644156,6.009195504,-3.367281515,0.003450014,0.058111177,-1.745302187
ENSMUSG00000065494,1.749395931,8.523346113,3.368367554,0.00344175,0.058111177,-1.812862352
ENSMUSG00000098353,3.081219409,0.963000514,3.342745429,0.003642017,0.059486271,-1.75108098
ENSMUSG00000105932,-3.359566099,0.403610594,-3.30864275,0.003926467,0.061429061,-1.805953551
ENSMUSG00000076387,-3.190998589,8.056853187,-3.284468932,0.004141229,0.061429061,-1.971948745
ENSMUSG00000065514,1.810179784,8.792649204,3.299809385,0.004003642,0.061429061,-1.961862824
ENSMUSG00000065610,2.003192581,10.43992084,3.27625081,0.004216837,0.061429061,-2.069977459
,-4.817547498,6.690092464,-3.241248873,0.004554337,0.06459967,-2.01311537
ENSMUSG00000092752,-2.537865733,3.896928034,-3.170453839,0.005319942,0.07168622,-2.092012706
ENSMUSG00000076062,2.520523629,13.80612993,3.176525063,0.005249624,0.07168622,-2.394298274
ENSMUSG00000065444,1.797108059,11.0970864,3.144385232,0.005632489,0.074046618,-2.367877497
ENSMUSG00000088113,2.611012148,0.430388606,3.055913251,0.006832785,0.087687409,-2.30263117
ENSMUSG00000065527,1.621335469,10.43319243,3.012180297,0.007514774,0.094196821,-2.610099799
ENSMUSG00000080468,-2.182472954,4.251099664,-2.988342368,0.007913913,0.096945435,-2.44850452
ENSMUSG00000099199,-4.299400079,2.177899607,-2.977800377,0.00809692,0.096983108,-2.4496696
ENSMUSG00000105497,1.538100866,15.6862567,2.923329464,0.009109838,0.10674354,-2.978627828
ENSMUSG00000065396,1.794213784,12.68539318,2.878520576,0.050034025,0.11507105,-2.967139733
ENSMUSG00000092813,2.511281401,0.082189879,2.851265231,0.010639767,0.119475718,-2.688572788
ENSMUSG00000092901,-3.676126435,-0.012417693,-2.819888056,0.011380781,0.120279232,-2.732772244
ENSMUSG00000098483,-3.615677821,-0.068370519,-2.824523706,0.011268258,0.120279232,-2.724279223
ENSMUSG00000099119,-2.660455328,2.652705418,-2.832201913,0.011084233,0.120279232,-2.71500722
ENSMUSG00000098751,-3.277040019,0.423354411,-2.761102275,0.0129048,0.122869722,-2.839026081
ENSMUSG00000098339,-3.209336746,1.568558681,-2.749723424,0.013221603,0.122869722,-2.862910479
ENSMUSG00000088552,-2.705880467,-0.321238678,-2.749770887,0.013220266,0.122869722,-2.867748486
ENSMUSG00000065394,1.111065333,12.17504222,2.76216991,0.012875452,0.122869722,-3.183119902
ENSMUSG00000065437,1.609627336,13.42619689,2.767152749,0.012739323,0.122869722,-3.217801884
ENSMUSG00000065422,1.717177332,14.7284214,2.751609802,0.013168573,0.122869722,-3.294067054
ENSMUSG00000065427,2.302351482,0.60383834,2.780131402,0.012391206,0.122869722,-2.820462702
ENSMUSG00000098267,-3.300790004,1.519236245,-2.729075003,0.013815609,0.126213786,-2.901254184
ENSMUSG00000098624,-3.726071202,0.818000573,-2.680089862,0.015328626,0.137702159,-2.989933433
ENSMUSG00000093710,-4.243723249,1.517332394,-2.650007801,0.016334832,0.139124155,-3.055069665
ENSMUSG00000106344,-3.652335308,-0.296304076,-2.64559962,0.016487464,0.139124155,-3.054054903
ENSMUSG00000076128,-3.381089447,0.071629839,-2.644682774,0.01651938,0.139124155,-3.053079493
ENSMUSG00000088860,2.147080152,3.012025302,2.653487865,0.016215286,0.139124155,-3.048722107
ENSMUSG00000098613,-3.367771684,-0.210256765,-2.548714267,0.020205088,0.165008221,-3.22831235
ENSMUSG00000065585,-2.431594347,4.702669497,-2.552437678,0.020048606,0.165008221,-3.277512818
ENSMUSG00000098499,-3.611225333,-0.024807137,-2.530329823,0.020994803,0.167737479,-3.259194924
ENSMUSG00000065475,1.207848681,15.09376539,2.526528603,0.021161686,0.167737479,-3.749432623
ENSMUSG00000076143,-2.228942975,3.766245366,-2.49983088,0.022369544,0.174741802,-3.34569077
ENSMUSG00000092827,-3.026492844,1.425422439,-2.474861232,0.023557781,0.178840057,-3.35606071
ENSMUSG00000092870,2.252463964,0.7948818,2.477629659,0.023423169,0.178840057,-3.3713106
ENSMUSG00000065601,2.111127401,11.98852504,2.457456962,0.024420858,0.18281726,-3.758380559
ENSMUSG00000105814,-2.579579176,2.450154302,-2.398534455,0.027568301,0.195517292,-3.49194258
ENSMUSG00000065593,1.505880438,9.332980559,2.410094265,0.026922328,0.195517292,-3.726776064
ENSMUSG00000106236,1.815718974,-0.02543283,2.406332745,0.027130954,0.195517292,-3.495237735
ENSMUSG00000065560,1.960123717,10.40598211,2.400520599,0.027456292,0.195517292,-3.792718682
ENSMUSG00000065440,1.284866812,10.12897484,2.378877357,0.028700141,0.200900988,-3.822236819
ENSMUSG00000105758,1.070885891,9.407287368,2.369126094,0.029277578,0.202315572,-3.807015344
ENSMUSG00000065446,1.510702593,9.048846113,2.350764478,0.030394415,0.207374552,-3.821804951
ENSMUSG00000088901,2.150338922,4.433433014,2.333281032,0.031494607,0.212194914,-3.648506768
ENSMUSG00000065613,1.931064004,10.22654517,2.267135707,0.036000481,0.239558754,-4.024323384
ENSMUSG00000099169,1.399546299,9.618542985,2.25022223,0.037244799,0.244816422,-4.029763866
ENSMUSG00000099292,-2.560254824,-0.125655009,-2.214437864,0.040009287,0.250755883,-3.809478072
ENSMUSG00000065579,1.221025299,9.436802842,2.215464969,0.039927374,0.250755883,-4.08242477
ENSMUSG00000065532,1.8531184,-0.216031184,2.218375079,0.039696125,0.250755883,-3.819672495
ENSMUSG00000065483,2.311170722,4.128435076,2.218857174,0.039657935,0.250755883,-3.834265009
ENSMUSG00000098511,-2.745396785,-0.564065338,-2.198211551,0.041324038,0.256019043,-3.847242056
ENSMUSG00000080669,-2.692264225,-0.910205452,-2.172367141,0.043500237,0.257655248,-3.899365694
ENSMUSG00000098588,-2.679386283,-0.325672726,-2.177199342,0.043085527,0.257655248,-3.876178383
ENSMUSG00000095323,-2.155620239,6.040561761,-2.172654763,0.04347545,0.257655248,-3.997419519
ENSMUSG00000065441,1.228843356,7.193348962,2.182077699,0.042670536,0.257655248,-4.029478438
ENSMUSG00000080441,-2.991834865,6.783543485,-2.154927623,0.045027519,0.260965945,-4.06125236
ENSMUSG00000065462,2.109409021,2.551005894,2.156056312,0.044927208,0.260965945,-3.913125539
ENSMUSG00000065479,1.766471171,11.86757737,2.121556592,0.048087422,0.275735325,-4.359704032
ENSMUSG00000065549,2.16573931,2.450474931,2.116031971,0.048611911,0.275808631,-3.982486658
ENSMUSG00000099330,-2.532968413,-0.349366235,-2.073322366,0.052845571,0.293647039,-4.047860192
ENSMUSG00000092727,-2.095430379,1.431645276,-2.077989242,0.0523672,0.293647039,-4.016941004
ENSMUSG00000105841,-3.324025896,0.475266562,-2.040805407,0.056290034,0.2974542,-4.085604565
ENSMUSG00000098762,-2.993241595,0.250285435,-2.046874485,0.055632139,0.2974542,-4.075023791
ENSMUSG00000098562,-2.807325998,-0.025194618,-2.061166666,0.05411022,0.2974542,-4.056854094
ENSMUSG00000065398,-1.564813301,3.703569452,-2.044638002,0.055873764,0.2974542,-4.118345107
ENSMUSG00000065612,0.8604538,13.48679025,2.047075956,0.055610419,0.2974542,-4.561907618
ENSMUSG00000092784,-3.025348456,1.400181076,-2.016234246,0.059025936,0.303184929,-4.127392146
ENSMUSG00000099258,-2.797988806,0.634338695,-2.002161083,0.060646326,0.303184929,-4.143331189
ENSMUSG00000098580,-2.658632556,-0.290786386,-1.993918588,0.061613834,0.303184929,-4.17155424
ENSMUSG00000098522,-2.364198622,-0.302003435,-2.002352302,0.060624043,0.303184929,-4.159965808
ENSMUSG00000106366,-1.915005049,2.608094257,-2.000902524,0.060793167,0.303184929,-4.154370055
ENSMUSG00000065509,1.186708299,7.963627203,1.990642239,0.062002248,0.303184929,-4.390599816
ENSMUSG00000093091,1.721946299,0.270249322,1.990062359,0.062071222,0.303184929,-4.187807554
ENSMUSG00000076338,1.855981816,3.311777962,1.986997044,0.062436971,0.303184929,-4.19224152
ENSMUSG00000070127,2.715536644,12.38663882,2.022321795,0.058337169,0.303184929,-4.546818269
ENSMUSG00000065503,1.244699449,10.27198876,1.976014362,0.063763331,0.306861029,-4.531918045
ENSMUSG00000076066,1.541020283,7.624512374,1.970437622,0.064446442,0.307403826,-4.405246852
ENSMUSG00000077931,-2.191548515,8.918617146,-1.958094595,0.065981722,0.311966213,-4.497133882
ENSMUSG00000105379,1.881789373,1.029098596,1.938080642,0.068540699,0.321247278,-4.271939476
ENSMUSG00000098904,-2.060564009,1.008917753,-1.915959139,0.071471766,0.332097256,-4.272256724
ENSMUSG00000099284,-2.13372237,-0.508712949,-1.902233329,0.073345959,0.332214048,-4.323382747
ENSMUSG00000076269,1.560672974,4.399494895,1.903623451,0.073154179,0.332214048,-4.356724631
ENSMUSG00000098453,1.775227967,0.422678014,1.90715713,0.072668678,0.332214048,-4.317992389
ENSMUSG00000098325,-2.80436677,0.306187817,-1.893858457,0.074510815,0.334677742,-4.312443549
ENSMUSG00000092734,-2.482163719,2.691353572,-1.884189737,0.075875997,0.337993077,-4.340814828
ENSMUSG00000065405,1.184901516,12.38519748,1.860403169,0.079329168,0.350478866,-4.821991229
ENSMUSG00000098376,-2.162347151,-0.342464935,-1.855486695,0.080059965,0.35070769,-4.391003837
ENSMUSG00000098415,-1.658242612,1.077248966,-1.851331076,0.080682289,0.35070769,-4.367894013
ENSMUSG00000080574,-2.356719481,0.751988667,-1.840166936,0.082375317,0.355202365,-4.389660887
ENSMUSG00000093087,-1.89210212,6.12140235,-1.832179774,0.08360566,0.357646433,-4.552790596
ENSMUSG00000099301,2.023148992,4.382355978,1.795608128,0.089447442,0.379623397,-4.518872947
ENSMUSG00000098280,-2.889232127,2.088489597,-1.789830875,0.090402201,0.380525992,-4.475977947
ENSMUSG00000099140,1.432391824,-0.397555915,1.785809118,0.091072083,0.380525992,-4.506227727
ENSMUSG00000099202,-1.881998838,1.38678556,-1.779782086,0.09208408,0.380741701,-4.473879681
ENSMUSG00000088639,1.499592834,0.333729967,1.777106435,0.09253648,0.380741701,-4.511410359
ENSMUSG00000098944,-1.628599289,-0.724273446,-1.772158552,0.093378172,0.381294201,-4.530092886
ENSMUSG00000098907,-2.546088063,0.623434805,-1.755352874,0.096286943,0.387303449,-4.514838297
ENSMUSG00000093336,-1.776707208,4.873516227,-1.756326086,0.096116375,0.387303449,-4.606599782
ENSMUSG00000105770,-1.193400093,8.097648605,-1.741088261,0.098817303,0.394311867,-4.795958821
ENSMUSG00000065572,0.769307236,10.25986949,1.737335896,0.099492419,0.394311867,-4.910944369
ENSMUSG00000092745,-2.8818449,1.676406458,-1.686958968,0.108949314,0.395256025,-4.621097258
ENSMUSG00000098710,-2.699069603,1.524320631,-1.693257245,0.107726222,0.395256025,-4.607749718
ENSMUSG00000098655,-2.455791228,1.14566992,-1.730296528,0.100769698,0.395256025,-4.549945188
ENSMUSG00000104627,-2.089750814,10.6744967,-1.683924477,0.109542838,0.395256025,-5.013437687
ENSMUSG00000092794,-1.741822517,0.714450013,-1.694433787,0.107499056,0.395256025,-4.601217534
ENSMUSG00000065431,0.77498122,11.62523603,1.696578077,0.107086096,0.395256025,-5.04131115
ENSMUSG00000065608,0.986856689,14.0191203,1.727858111,0.101215438,0.395256025,-5.101067193
ENSMUSG00000065563,1.107589874,10.85724631,1.707911028,0.104926113,0.395256025,-4.985234128
ENSMUSG00000065580,1.182695804,8.179214865,1.68161181,0.109997039,0.395256025,-4.882098682
ENSMUSG00000098840,1.249686816,-0.727048027,1.68747578,0.108848505,0.395256025,-4.653471885
ENSMUSG00000098282,1.359749909,-0.445732596,1.711837175,0.104186616,0.395256025,-4.614292941
ENSMUSG00000065570,1.577923417,0.327958056,1.685749765,0.109185494,0.395256025,-4.642938321
ENSMUSG00000106465,1.666299392,3.931105314,1.704262111,0.105617441,0.395256025,-4.634647018
ENSMUSG00000106463,2.188861248,2.596570725,1.702909331,0.105874735,0.395256025,-4.611264186
ENSMUSG00000065553,1.085530736,10.84980936,1.673594026,0.111584227,0.395683541,-5.036019673
ENSMUSG00000093156,2.050220865,2.087253927,1.67487099,0.111330135,0.395683541,-4.663162051
ENSMUSG00000099319,-2.735533351,1.448553933,-1.667791917,0.112744996,0.397186619,-4.642688274
ENSMUSG00000093327,-2.222157502,4.589514287,-1.641736941,0.118085595,0.400845145,-4.762186088
ENSMUSG00000099259,-2.205391713,3.33721186,-1.656038148,0.115128122,0.400845145,-4.694438893
ENSMUSG00000098547,-1.587427282,0.668295751,-1.640971959,0.118245599,0.400845145,-4.677584873
ENSMUSG00000065424,1.298008572,0.588771653,1.649727731,0.11642523,0.400845145,-4.690534618
ENSMUSG00000065607,1.400002185,5.034704153,1.646145239,0.117167142,0.400845145,-4.767433887
ENSMUSG00000093599,1.766298245,1.22223354,1.641443813,0.118146884,0.400845145,-4.707178195
ENSMUSG00000099147,-2.516518064,1.024103022,-1.613071326,0.124208555,0.41646783,-4.714962031
ENSMUSG00000065557,0.930654435,14.04117688,1.612196903,0.124399482,0.41646783,-5.274521675
ENSMUSG00000065395,-1.270623963,5.555290001,-1.586611013,0.130096942,0.428736547,-4.881368433
ENSMUSG00000076060,1.428257942,0.936534227,1.589770946,0.129381593,0.428736547,-4.775532915
ENSMUSG00000089424,1.795567574,2.203743306,1.585054843,0.130450452,0.428736547,-4.773536241
ENSMUSG00000098597,-1.676499217,2.157704001,-1.546608452,0.139443989,0.455262558,-4.801845318
ENSMUSG00000105524,1.198038096,4.758366618,1.543427667,0.140210732,0.455262558,-4.896120963
ENSMUSG00000098297,-2.138883445,-0.574251366,-1.535424875,0.142155417,0.458812994,-4.852245371
ENSMUSG00000065404,1.487152092,0.499318973,1.530778127,0.14329486,0.459737677,-4.853686793
ENSMUSG00000065411,-1.411596096,4.012023176,-1.51776392,0.146526628,0.464575604,-4.906041167
ENSMUSG00000065530,1.050687951,11.2281305,1.52054601,0.145830722,0.464575604,-5.27356921
ENSMUSG00000098680,-1.894644102,0.505754861,-1.506442368,0.149387065,0.470875017,-4.859364312
ENSMUSG00000065594,0.809865566,8.908213435,1.498271814,0.151479991,0.471952111,-5.182300927
ENSMUSG00000065484,2.100120614,3.055235246,1.501027353,0.150771453,0.471952111,-4.893760178
ENSMUSG00000088559,1.089974156,7.672284737,1.494167528,0.152540435,0.472524682,-5.117397063
ENSMUSG00000065600,1.287243788,4.643430289,1.482902799,0.155482488,0.47616512,-4.969923657
ENSMUSG00000106183,1.673887893,1.902743641,1.48595417,0.154680969,0.47616512,-4.9010495
ENSMUSG00000099101,-2.176749347,0.599078537,-1.461144977,0.161297333,0.477688256,-4.914639974
ENSMUSG00000106600,-2.086294579,-0.353160586,-1.463578283,0.160638292,0.477688256,-4.936769852
ENSMUSG00000098802,-1.894467393,-0.330105653,-1.461340048,0.161244418,0.477688256,-4.941843846
ENSMUSG00000076376,0.839991777,9.216217927,1.463533627,0.160650367,0.477688256,-5.245117017
ENSMUSG00000093169,1.237890647,0.252929335,1.475743318,0.157376539,0.477688256,-4.926478412
ENSMUSG00000070102,1.938932272,2.655229083,1.462179875,0.161016769,0.477688256,-4.934392757
ENSMUSG00000099165,-1.973271346,-0.016225966,-1.449311308,0.164534037,0.480320385,-4.945532283
ENSMUSG00000088985,-1.850254919,1.303069407,-1.436672247,0.168049449,0.480320385,-4.93868381
ENSMUSG00000077042,0.733273261,7.826728573,1.436694038,0.168043335,0.480320385,-5.202621345
ENSMUSG00000080645,0.847328015,10.16055506,1.435338247,0.168424031,0.480320385,-5.33294318
ENSMUSG00000065537,0.901823816,6.635303525,1.447444468,0.165049465,0.480320385,-5.119839603
ENSMUSG00000076946,1.284937515,7.266165803,1.439593151,0.167231639,0.480320385,-5.1656368
ENSMUSG00000077996,1.406121737,1.774935579,1.43816822,0.167630192,0.480320385,-4.957844917
ENSMUSG00000065421,0.739657008,11.59016897,1.415278422,0.174139136,0.494005232,-5.434144784
ENSMUSG00000099212,-1.343591556,0.839922637,-1.407181992,0.176489933,0.498052742,-4.979479372
ENSMUSG00000092770,0.736289996,11.56660015,1.402821685,0.177766543,0.499042535,-5.449119491
ENSMUSG00000080424,-1.500861261,1.076061314,-1.385205383,0.183000352,0.508439122,-5.001654435
ENSMUSG00000070139,0.872364426,10.25199538,1.386790458,0.182524405,0.508439122,-5.401118282
ENSMUSG00000065582|ENSMUSG00000107156,-1.083718686,5.146105725,-1.381173261,0.184215569,0.509190726,-5.128437622
ENSMUSG00000099153,-1.743999837,0.952479974,-1.377878135,0.185213474,0.509337053,-5.012494452
ENSMUSG00000077962,1.61142333,0.156562394,1.368142706,0.188187139,0.514887654,-5.062575337
ENSMUSG00000098269,-1.334690928,2.077269929,-1.363016549,0.189768209,0.516591236,-5.030371985
ENSMUSG00000065609,-2.520299347,4.974275613,-1.351497317,0.19335985,0.518512234,-5.160657989
ENSMUSG00000098331,-2.042468648,1.235608062,-1.353644912,0.192686159,0.518512234,-5.042345489
ENSMUSG00000099109,-1.720649277,-0.627401913,-1.353727237,0.192660372,0.518512234,-5.08833042
ENSMUSG00000106328,-1.949339185,1.427837858,-1.331215189,0.199815165,0.526288437,-5.067173468
ENSMUSG00000104979,-1.504161788,2.107757871,-1.324105048,0.202118194,0.526288437,-5.078679628
ENSMUSG00000098672,-1.195038658,2.189020532,-1.326487216,0.201344263,0.526288437,-5.075974232
ENSMUSG00000070084,-1.094780253,11.81413109,-1.327283957,0.201085937,0.526288437,-5.559620986
ENSMUSG00000065543,-0.972886947,8.56106971,-1.333886752,0.198955219,0.526288437,-5.378560757
ENSMUSG00000065497,1.577139872,3.466300405,1.328598759,0.200660216,0.526288437,-5.111559068
ENSMUSG00000106471,-1.079175557,11.83917521,-1.314569807,0.205239629,0.529302202,-5.576630593
ENSMUSG00000065418,1.015819391,5.483556179,1.315535974,0.204921625,0.529302202,-5.222407976
ENSMUSG00000065533,-1.80409403,0.111919576,-1.30539964,0.208277307,0.530090401,-5.118076196
ENSMUSG00000076005,-1.276438874,1.29266948,-1.304744518,0.208495668,0.530090401,-5.094985724
ENSMUSG00000065581,1.112279065,3.822710438,1.306455688,0.207925692,0.530090401,-5.14965479
ENSMUSG00000065464|ENSMUSG00000098554,-1.107105996,5.797507167,-1.295548218,0.211579948,0.535029279,-5.266398244
ENSMUSG00000065510,0.649352414,8.180528758,1.29305137,0.212423498,0.535029279,-5.40259582
ENSMUSG00000093089|ENSMUSG00000105849,1.900382833,4.109689262,1.279870028,0.216920514,0.543814683,-5.191315916
ENSMUSG00000098451,-1.525775594,0.450415007,-1.262504915,0.222957924,0.546772446,-5.161289062
ENSMUSG00000098285,-1.464539186,-0.274453208,-1.261894714,0.223172427,0.546772446,-5.18438101
ENSMUSG00000098704,-1.41502021,1.598729957,-1.265147344,0.222030883,0.546772446,-5.140589551
ENSMUSG00000098698,1.145596956,0.742825415,1.264351176,0.222309886,0.546772446,-5.178646684
ENSMUSG00000080533,1.254873224,1.33930851,1.27314136,0.219244591,0.546772446,-5.156764601
ENSMUSG00000093269,-2.259990313,2.107097868,-1.255531451,0.225418851,0.547300723,-5.165662069
ENSMUSG00000065567,0.869007395,9.270894749,1.256314767,0.225141374,0.547300723,-5.506771161
ENSMUSG00000099071,1.39316324,0.091709553,1.245684393,0.228929644,0.55333219,-5.205462737
ENSMUSG00000099225,-1.513886907,-0.416180386,-1.237312281,0.231947672,0.558124086,-5.2151752
ENSMUSG00000084564,-1.628747639,2.341511515,-1.22086347,0.237966372,0.565701451,-5.201071125
ENSMUSG00000098593,-1.087832637,-0.393783808,-1.220108888,0.238245324,0.565701451,-5.239405153
ENSMUSG00000077025|ENSMUSG00000099327,1.357115882,1.30632533,1.220570496,0.238074648,0.565701451,-5.219304816
ENSMUSG00000070126,0.813105736,6.291483683,1.215620936,0.239909595,0.567154701,-5.380632011
ENSMUSG00000105982,1.165028886,0.093778014,1.212775075,0.240969528,0.567172819,-5.241217293
ENSMUSG00000092868,1.149787723,0.248677751,1.20988232,0.24205059,0.567240297,-5.24271101
ENSMUSG00000088054,1.379367303,2.720582898,1.205209311,0.243804776,0.56887781,-5.231523727
ENSMUSG00000098414,-1.524271164,0.529675301,-1.195610462,0.247438427,0.574867726,-5.23217173
ENSMUSG00000098926,-1.271244948,-0.659096737,-1.18321002,0.252193352,0.583400073,-5.284678771
ENSMUSG00000106493,0.947538361,0.594963079,1.176590379,0.254759789,0.584321389,-5.272483486
ENSMUSG00000093157,1.11417675,0.401684769,1.177269058,0.254495761,0.584321389,-5.277140025
ENSMUSG00000065469,-1.119379537,-0.452844932,-1.168166199,0.258054291,0.584417071,-5.296644472
ENSMUSG00000098344,-0.836521886,9.063375294,-1.171511453,0.25674222,0.584417071,-5.595941976
ENSMUSG00000098441,0.914982889,-0.689821384,1.168180237,0.258048775,0.584417071,-5.302299051
ENSMUSG00000098397,-1.356480158,0.432838516,-1.162974385,0.260100601,0.586586711,-5.270829453
ENSMUSG00000099080,-1.582890953,0.020804427,-1.153428777,0.263894686,0.590308882,-5.28972072
ENSMUSG00000065512,-0.988003548,2.215124049,-1.153311772,0.263941448,0.590308882,-5.268157109
ENSMUSG00000099092,-1.32813885,1.786494466,-1.141792455,0.268575612,0.591258536,-5.274074173
ENSMUSG00000070130,-1.293078898,9.537509699,-1.1413523,0.26875388,0.591258536,-5.65521028
ENSMUSG00000093270,-1.267503041,-0.50349413,-1.142838556,0.268152282,0.591258536,-5.324418144
ENSMUSG00000065449,0.984508563,4.751231092,1.147511891,0.266267181,0.591258536,-5.372117938
ENSMUSG00000093290,-1.507835236,0.846468056,-1.131277647,0.272858369,0.592340075,-5.290192448
ENSMUSG00000098663,-1.145232708,-0.019854849,-1.132787459,0.272240312,0.592340075,-5.319837831
ENSMUSG00000065490,0.801804333,9.121483669,1.129368639,0.273641333,0.592340075,-5.641230731
ENSMUSG00000070081|ENSMUSG00000107328,1.221183865,2.963054619,1.132486836,0.272363292,0.592340075,-5.314058391
ENSMUSG00000098319,0.945524323,0.052981922,1.113506537,0.280211559,0.60413612,-5.346595848
ENSMUSG00000070073,0.862272017,-0.066180085,1.103223189,0.28453274,0.611008553,-5.358417634
ENSMUSG00000065402,1.364077351,2.145674304,1.099598427,0.286067517,0.611866633,-5.339042095
ENSMUSG00000099096,1.148695847,-0.851721397,1.096549154,0.287363318,0.612208808,-5.379925688
ENSMUSG00000105964,0.916966809,0.047620648,1.088675593,0.290729088,0.61673632,-5.371458242
ENSMUSG00000093298,1.042525087,6.410213365,1.086237986,0.291776923,0.61673632,-5.527229405
ENSMUSG00000092830,-1.519013147,0.302793183,-1.068468448,0.299498641,0.621031356,-5.366778983
ENSMUSG00000076217,-1.360583675,0.083884992,-1.070348905,0.298674553,0.621031356,-5.371851811
ENSMUSG00000089432,-1.149251128,-0.54826102,-1.07092543,0.298422227,0.621031356,-5.398818037
ENSMUSG00000098858,0.909847803,-0.032469105,1.077567451,0.295526376,0.621031356,-5.38369926
ENSMUSG00000065519,0.960694433,15.64626311,1.06830612,0.299569856,0.621031356,-6.012329288
ENSMUSG00000098253,-0.944794616,0.53836188,-1.052171795,0.306709438,0.628679558,-5.381338724
ENSMUSG00000065529,0.540460078,15.01941141,1.049452558,0.307924681,0.628679558,-6.015865521
ENSMUSG00000077928,1.08584704,-0.689154119,1.050346007,0.307525013,0.628679558,-5.422226846
ENSMUSG00000065573,1.138456476,6.481783355,1.052256743,0.30667153,0.628679558,-5.565670582
ENSMUSG00000098823,-1.254685626,2.170059628,-1.045336799,0.309770611,0.629372281,-5.375273318
ENSMUSG00000065403,0.767872318,7.196317808,1.040436653,0.311978668,0.629372281,-5.61819762
ENSMUSG00000098807,1.055555569,0.420127326,1.043209659,0.310727743,0.629372281,-5.41307124
ENSMUSG00000099176,1.230045616,1.062622859,1.038322846,0.312934641,0.629372281,-5.417533652
ENSMUSG00000065472,0.452675691,10.90613745,1.035356367,0.314279763,0.629727852,-5.838155864
ENSMUSG00000065596,1.910194019,3.072888367,1.026005055,0.318547016,0.635914228,-5.423338578
ENSMUSG00000065516,-1.332588706,1.993240528,-1.009819246,0.32603002,0.648450851,-5.405730095
ENSMUSG00000098460,-1.385517224,2.531782438,-0.998111845,0.33151933,0.654016084,-5.43317717
ENSMUSG00000092907,-1.282041587,2.022712548,-0.993537457,0.333681676,0.654016084,-5.421573029
ENSMUSG00000070109,0.844794848,2.355551826,0.994576744,0.333189532,0.654016084,-5.436746921
ENSMUSG00000065507,1.166448084,1.147834741,0.994036704,0.333445199,0.654016084,-5.453426132
ENSMUSG00000077903|ENSMUSG00000097034,0.794613052,-0.643648031,0.990694282,0.335030632,0.654280835,-5.477912709
ENSMUSG00000065414,-0.873795058,1.85800134,-0.982487671,0.338945657,0.657083185,-5.428986381
ENSMUSG00000093118,-0.766735282,-0.233686254,-0.98003302,0.340122836,0.657083185,-5.478299476
ENSMUSG00000076309|ENSMUSG00000111838,1.078712801,1.418986795,0.982609598,0.338887259,0.657083185,-5.448144968
ENSMUSG00000092990,-1.414627513,2.708315758,-0.964620989,0.34757893,0.666708338,-5.468400231
ENSMUSG00000076123,1.002923122,5.556770817,0.966933271,0.346453139,0.666708338,-5.594528519
ENSMUSG00000106653,1.088773469,-0.150562935,0.951707807,0.35391242,0.676449625,-5.503859568
ENSMUSG00000098896,-1.025697396,4.194788903,-0.948222484,0.355635345,0.677340815,-5.546886993
ENSMUSG00000098884,0.81824565,0.602111416,0.940203985,0.359620958,0.682520057,-5.501410431
ENSMUSG00000098906,-1.052032813,-0.723241419,-0.935082687,0.362182392,0.684969507,-5.528976991
ENSMUSG00000077921,0.777855882,5.83450126,0.929377283,0.365050546,0.687979874,-5.643890996
ENSMUSG00000065430,0.499375557,11.04006944,0.926406026,0.366550303,0.688399349,-5.948918865
ENSMUSG00000098783,-0.921835714,-0.582032393,-0.922762846,0.368394902,0.689461292,-5.536353833
ENSMUSG00000076255,-1.046626545,6.122814719,-0.91037276,0.37471504,0.694834329,-5.680601055
ENSMUSG00000065513,0.484871757,11.04642598,0.902587094,0.378723501,0.694834329,-5.97061817
ENSMUSG00000076011,0.546872809,9.365872706,0.90558673,0.377175753,0.694834329,-5.874782152
ENSMUSG00000098714,0.690762085,-0.693316396,0.902051034,0.379000543,0.694834329,-5.55764415
ENSMUSG00000093238,0.759460735,0.497602674,0.906471654,0.37671996,0.694834329,-5.532308735
ENSMUSG00000065445,1.212559775,5.699372642,0.909678146,0.375071503,0.694834329,-5.652132365
ENSMUSG00000098334,1.126239052,2.018279748,0.891275789,0.384598002,0.702706181,-5.527550852
ENSMUSG00000065556,-1.043811821,7.762640411,-0.868700306,0.39650235,0.713737459,-5.817398753
ENSMUSG00000088148,-0.629544194,6.354432846,-0.866008872,0.397937535,0.713737459,-5.732735994
ENSMUSG00000077886|ENSMUSG00000097400,0.66134907,-0.301158761,0.862569586,0.399776445,0.713737459,-5.581980718
ENSMUSG00000076399,0.815291306,2.415811568,0.872719411,0.394365518,0.713737459,-5.5423378
ENSMUSG00000098785,0.823859516,-0.537322801,0.862329822,0.399904847,0.713737459,-5.58678714
ENSMUSG00000065477,1.083461346,4.672585313,0.862568547,0.399777001,0.713737459,-5.634927681
ENSMUSG00000065465,1.110982367,2.876606071,0.865009409,0.398471354,0.713737459,-5.559318933
ENSMUSG00000098634,1.000661935,1.01360957,0.859353155,0.40150121,0.714221625,-5.565466112
ENSMUSG00000087993,-1.314039493,2.102997929,-0.83298788,0.415821394,0.714728987,-5.559715123
ENSMUSG00000099309,-1.073057375,-0.434095526,-0.836181036,0.414069797,0.714728987,-5.605438068
ENSMUSG00000098917,-1.046783054,-0.172053398,-0.824870811,0.420295329,0.714728987,-5.607987037
ENSMUSG00000098568,-1.019566417,0.067258409,-0.839354594,0.412333653,0.714728987,-5.587276861
ENSMUSG00000065619,-0.901082436,11.45648908,-0.844971108,0.409272553,0.714728987,-6.04367639
ENSMUSG00000099079,-0.868560855,4.712889645,-0.824770491,0.420350814,0.714728987,-5.673349898
ENSMUSG00000093003|ENSMUSG00000111586,-0.709637438,8.365215361,-0.84082621,0.411530174,0.714728987,-5.875622665
ENSMUSG00000098996|ENSMUSG00000099059,-0.609397729,1.724334338,-0.835839169,0.4142571,0.714728987,-5.55266415
ENSMUSG00000099069,0.679668739,-0.78668028,0.82957669,0.417697831,0.714728987,-5.618353963
ENSMUSG00000098413,0.715981327,0.98039045,0.848746137,0.407223364,0.714728987,-5.569111297
ENSMUSG00000065574,0.820083031,3.099054068,0.838566563,0.41276432,0.714728987,-5.584095005
ENSMUSG00000088373,0.837075509,4.443958882,0.845758736,0.408844458,0.714728987,-5.638138087
ENSMUSG00000098838,1.003628049,2.825216968,0.824867654,0.420297075,0.714728987,-5.589887543
ENSMUSG00000098737,1.086316645,0.815095695,0.841313173,0.411264523,0.714728987,-5.588128668
ENSMUSG00000099260,-1.346232363,0.99382343,-0.820561204,0.422683112,0.716434582,-5.566958386
ENSMUSG00000065562,0.860794997,1.469115994,0.815782984,0.425340597,0.718678939,-5.585672643
ENSMUSG00000098671,-0.87393787,0.133533848,-0.80764945,0.429888487,0.72409342,-5.610804621
ENSMUSG00000093120,-0.931378443,-0.330613287,-0.801450813,0.433374981,0.725155895,-5.630621818
ENSMUSG00000093215,-0.658668294,2.927889837,-0.799435237,0.434512481,0.725155895,-5.610581914
ENSMUSG00000065571,0.671223634,8.113614021,0.799359273,0.434555388,0.725155895,-5.889582769
ENSMUSG00000096628,0.67473876,-0.467103251,0.794207263,0.437471623,0.727769151,-5.638881112
ENSMUSG00000098623,-0.647881861,7.05295414,-0.786638682,0.441777842,0.732671559,-5.839881088
ENSMUSG00000098955,0.614736565,-0.587404274,0.783926635,0.443327279,0.732985899,-5.649424326
ENSMUSG00000065602,0.573143868,11.37284611,0.774742083,0.448599547,0.739434727,-6.094173538
ENSMUSG00000093232|ENSMUSG00000105621,0.539213958,11.35622033,0.758759222,0.457865913,0.752407705,-6.105477705
ENSMUSG00000104890|ENSMUSG00000105118,0.613710052,0.801872426,0.754494813,0.460357868,0.754203316,-5.640544989
ENSMUSG00000076050,0.65579925,3.221764255,0.747130598,0.46468057,0.756685278,-5.656722386
ENSMUSG00000093076,0.768393224,3.63578558,0.749014531,0.463572397,0.756685278,-5.672213151
ENSMUSG00000076219,-1.093138132,1.157882536,-0.733314465,0.472856283,0.759704148,-5.628832668
ENSMUSG00000099082,-0.826489101,0.066498203,-0.725568767,0.477477186,0.759704148,-5.673676154
ENSMUSG00000065555,-0.631744493,3.935761979,-0.717966291,0.482038624,0.759704148,-5.715470898
ENSMUSG00000093354,0.421119136,10.17660428,0.718999406,0.481417255,0.759704148,-6.069741936
ENSMUSG00000098922,0.555205134,-0.693640082,0.726088489,0.477166295,0.759704148,-5.693194267
ENSMUSG00000065468,0.701599077,9.886996448,0.738311077,0.469889647,0.759704148,-6.039225142
ENSMUSG00000088015,0.722153694,1.35193417,0.736662668,0.47086712,0.759704148,-5.645403185
ENSMUSG00000089357,0.744278074,4.290418409,0.718724737,0.481582409,0.759704148,-5.724971555
ENSMUSG00000093791|ENSMUSG00000080530|ENSMUSG00000093807|ENSMUSG00000094267|ENSMUSG00000096510|ENSMUSG00000080383|ENSMUSG00000096383|ENSMUSG00000096172,0.802238935,3.366427688,0.721186253,0.480103532,0.759704148,-5.680241898
ENSMUSG00000070080|ENSMUSG00000098321,0.992798931,0.549006545,0.739817761,0.468997279,0.759704148,-5.665186181
ENSMUSG00000099003,0.997451788,1.452825788,0.722500619,0.479314965,0.759704148,-5.665813327
ENSMUSG00000065434,-1.045167568,5.866405632,-0.705264032,0.489717016,0.769555311,-5.825454521
ENSMUSG00000089555,0.753354599,1.817264901,0.695532675,0.495647582,0.7766106,-5.66919374
ENSMUSG00000076241,0.844617091,-0.600901419,0.692619978,0.497430727,0.777145396,-5.714135663
ENSMUSG00000065548,0.640612828,5.951553798,0.687171404,0.500776264,0.780111001,-5.839667335
ENSMUSG00000093273,0.607193348,0.680027813,0.684345521,0.502516503,0.780565979,-5.694286305
ENSMUSG00000065493,-0.531077129,9.135536447,-0.666657623,0.51348756,0.795315502,-6.049005169
ENSMUSG00000098442,0.64467127,-0.181748609,0.661641892,0.516623086,0.797879207,-5.725436327
ENSMUSG00000104854,0.492190664,-0.899891887,0.655705145,0.520348254,0.801336312,-5.742561555
ENSMUSG00000098516,0.516481393,-0.873994024,0.636344514,0.532600321,0.817867729,-5.754304925
ENSMUSG00000070076|ENSMUSG00000099044,-0.597012966,8.51948995,-0.625739011,0.539378498,0.825326285,-6.038947385
ENSMUSG00000105913,0.836982679,6.162974807,0.623960413,0.540519812,0.825326285,-5.891252591
ENSMUSG00000099254,-0.717946203,-0.219606035,-0.608746801,0.550335575,0.833426272,-5.759671383
ENSMUSG00000098996|ENSMUSG00000099059,-0.534506702,1.645553799,-0.60616677,0.552009609,0.833426272,-5.709405981
ENSMUSG00000105196,-0.46408331,9.703692795,-0.609882811,0.549599345,0.833426272,-6.117605145
ENSMUSG00000065420,-0.459531574,9.710686062,-0.606215162,0.551978185,0.833426272,-6.120224125
ENSMUSG00000098958,0.680741279,0.960043552,0.601572357,0.554997367,0.835596594,-5.74004913
ENSMUSG00000065474,-0.513565587,3.617884689,-0.596078102,0.558581527,0.837328422,-5.775885095
ENSMUSG00000065492,0.488052847,0.638286597,0.595048404,0.559254605,0.837328422,-5.745981626
ENSMUSG00000093011,0.653669027,6.811532998,0.590988634,0.561912489,0.838977373,-5.948926544
ENSMUSG00000065453,-0.328098989,11.94406672,-0.577804881,0.570589202,0.84957895,-6.259451293
ENSMUSG00000099197,-0.550203567,-0.210256765,-0.569071139,0.576375132,0.853899786,-5.782245302
ENSMUSG00000098811,0.572161777,-0.31425109,0.568642912,0.576659596,0.853899786,-5.782937374
ENSMUSG00000065544,-0.736503928,3.12582044,-0.564963438,0.579106759,0.855174091,-5.771916085
ENSMUSG00000070100,-0.489063608,5.149162086,-0.557602609,0.58401817,0.860070474,-5.874349784
ENSMUSG00000106278,0.486727615,-0.520122859,0.54912593,0.589700078,0.865612284,-5.798428223
ENSMUSG00000065460,0.803593441,2.268704859,0.547202528,0.590993174,0.865612284,-5.761959096
ENSMUSG00000098787,-0.515288086,-0.416180386,-0.540802624,0.595305968,0.86956617,-5.800311291
ENSMUSG00000098771,-0.852721479,1.371730022,-0.53540635,0.598954508,0.870179191,-5.747719452
ENSMUSG00000098497,0.534803224,0.155825752,0.535456906,0.598920275,0.870179191,-5.793393862
ENSMUSG00000093763,0.415779998,-0.376568944,0.532321435,0.601045221,0.870869285,-5.803802221
ENSMUSG00000098759,-0.471257879,-0.469722757,-0.519199126,0.609978227,0.881443069,-5.812003586
ENSMUSG00000098346,-0.538991398,0.264956778,-0.506770861,0.618497361,0.888986873,-5.798135781
ENSMUSG00000076140,0.554731874,4.580073418,0.508014787,0.617642155,0.888986873,-5.867232513
ENSMUSG00000065611,0.236004157,10.95161054,0.503153712,0.620987358,0.890191984,-6.245849799
ENSMUSG00000105458,0.404047637,9.238573657,0.497512843,0.624879873,0.893395893,-6.151712672
ENSMUSG00000093176,-0.976274646,2.163190957,-0.473049812,0.641891371,0.896309265,-5.783427612
ENSMUSG00000077972,-0.648429257,-0.827417117,-0.487327712,0.631936977,0.896309265,-5.833262334
ENSMUSG00000098625,-0.626751422,-0.678382046,-0.467756791,0.645599567,0.896309265,-5.839668633
ENSMUSG00000076144,-0.588886305,5.560282758,-0.463475063,0.648606288,0.896309265,-5.943937249
ENSMUSG00000092679,-0.578299168,2.946142198,-0.461481769,0.65000815,0.896309265,-5.815815265
ENSMUSG00000098602,-0.574018874,-0.31709542,-0.478628949,0.637993197,0.896309265,-5.828952268
ENSMUSG00000065412,-0.538489719,3.635410465,-0.483061081,0.634904161,0.896309265,-5.836199976
ENSMUSG00000099036,0.295244375,10.28811542,0.461211442,0.650198372,0.896309265,-6.23002609
ENSMUSG00000065534,0.313240006,7.785706892,0.467688588,0.645647411,0.896309265,-6.078771111
ENSMUSG00000065476,0.383107857,7.879772229,0.462388827,0.649370059,0.896309265,-6.08651068
ENSMUSG00000098579,0.430741116,-0.198260719,0.472793185,0.642070937,0.896309265,-5.829056631
ENSMUSG00000093296,0.451704498,-0.30401321,0.462316099,0.649421211,0.896309265,-5.835787501
ENSMUSG00000089139,0.647532412,5.1146444,0.474237973,0.641060293,0.896309265,-5.911969142
ENSMUSG00000065399,0.686658407,2.271850796,0.470161091,0.643913964,0.896309265,-5.798255949
ENSMUSG00000065599,0.358535132,10.46945777,0.454305985,0.655065917,0.898423739,-6.242285384
ENSMUSG00000105220,0.386162088,2.431668806,0.455613604,0.654142966,0.898423739,-5.804172809
ENSMUSG00000065500,0.450079262,9.937275981,0.451416066,0.657107723,0.898936708,-6.21241938
ENSMUSG00000065589,-0.638044943,8.055207951,-0.444819881,0.66177851,0.900754083,-6.108351928
ENSMUSG00000105904,0.377107469,9.120411803,0.445130982,0.661557894,0.900754083,-6.169655215
ENSMUSG00000070072|ENSMUSG00000098576,-0.712000126,-0.056104457,-0.442342296,0.66353661,0.900820106,-5.836586181
ENSMUSG00000105399,0.24535325,8.489445686,0.440043591,0.665169577,0.900820106,-6.134781862
ENSMUSG00000076251,-0.303596039,9.426263122,-0.435152251,0.668650052,0.903264105,-6.193292915
ENSMUSG00000092985,-0.309025051,4.482329354,-0.432776518,0.670343325,0.90328763,-5.899459748
ENSMUSG00000076146,-0.474191463,0.11686126,-0.429855266,0.672427904,0.903837008,-5.835913837
ENSMUSG00000098954,-0.532049428,0.141593008,-0.425209107,0.675748993,0.905848574,-5.840175628
ENSMUSG00000099043,0.372412597,-0.728952001,0.423062568,0.677285669,0.905848574,-5.861007601
ENSMUSG00000099227,-0.423425628,6.963448044,-0.420332402,0.679242262,0.90621678,-6.051947793
ENSMUSG00000076456,-0.405856819,4.1872156,-0.417288683,0.681426334,0.906885911,-5.890572176
ENSMUSG00000065511,-0.384719552,-0.196632083,-0.410424393,0.686362548,0.909532046,-5.857628176
ENSMUSG00000065436,-0.258132911,11.32169204,-0.404093947,0.690927785,0.909532046,-6.312259077
ENSMUSG00000093007,-0.247040384,7.327481021,-0.400480305,0.693539278,0.909532046,-6.081823085
ENSMUSG00000099050,0.373731655,-0.591709847,0.404519534,0.690620485,0.909532046,-5.866904599
ENSMUSG00000092781,0.383238524,7.689640259,0.401092539,0.693096552,0.909532046,-6.102636852
ENSMUSG00000065495,0.588525707,3.239027682,0.4014494,0.692838547,0.909532046,-5.848234848
ENSMUSG00000070106,-0.412958245,-0.530436424,-0.388508051,0.702219461,0.912121552,-5.870493182
ENSMUSG00000065528,0.251860629,11.69161466,0.387129164,0.70322193,0.912121552,-6.338381241
ENSMUSG00000065541,0.322525942,9.183259767,0.388287822,0.702379533,0.912121552,-6.197521971
ENSMUSG00000092787,0.339238434,-0.557036502,0.388585948,0.702162846,0.912121552,-5.872269876
ENSMUSG00000065501,0.602592718,1.284147129,0.384059721,0.705455466,0.912121552,-5.832216906
ENSMUSG00000065542,0.697423914,1.352492138,0.383768772,0.705667323,0.912121552,-5.837631618
ENSMUSG00000105972,0.272102376,7.316845618,0.378084234,0.709811534,0.913098847,-6.089306517
ENSMUSG00000065564,0.300071567,12.72453891,0.379974201,0.708432645,0.913098847,-6.395075829
ENSMUSG00000093081,-0.354905874,0.648549001,-0.371722949,0.714460184,0.916644306,-5.841472345
ENSMUSG00000104858|ENSMUSG00000107170,0.487736344,1.043412169,0.369661754,0.715968929,0.916644306,-5.841014451
ENSMUSG00000065520,-0.213217281,8.432348384,-0.366375027,0.718377225,0.917548162,-6.162561953
ENSMUSG00000065428,-0.409783458,1.144255643,-0.356302302,0.725776693,0.922626503,-5.829968478
ENSMUSG00000089214,0.356605635,0.403222852,0.357837794,0.724646895,0.922626503,-5.864796456
ENSMUSG00000076122,0.292278769,3.215009433,0.349900172,0.730494267,0.926438611,-5.866529465
ENSMUSG00000076972,-0.563409638,0.9672873,-0.283514349,0.780033617,0.92907325,-5.855935948
ENSMUSG00000098973,-0.447765381,10.10937155,-0.301565594,0.76645646,0.92907325,-6.281422605
ENSMUSG00000105428,-0.37463451,3.761826982,-0.286420729,0.77784254,0.92907325,-5.915772963
ENSMUSG00000099226,-0.349739611,3.02546319,-0.305978829,0.763148685,0.92907325,-5.876278263
ENSMUSG00000065442,-0.316014587,7.051303212,-0.28763036,0.776931182,0.92907325,-6.103580201
ENSMUSG00000098764,-0.309029687,2.07883825,-0.304300635,0.764405963,0.92907325,-5.847711801
ENSMUSG00000106169,-0.304828879,1.062724264,-0.304929947,0.763934413,0.92907325,-5.851882417
ENSMUSG00000106406,-0.291251636,-0.491498085,-0.291240437,0.774213267,0.92907325,-5.902447829
ENSMUSG00000065515,-0.242910621,5.915515613,-0.319593031,0.752974472,0.92907325,-6.020824413
ENSMUSG00000099324,-0.208270506,3.456432639,-0.301654422,0.766389836,0.92907325,-5.894981053
ENSMUSG00000092995,0.181935907,11.14489472,0.331022323,0.744468824,0.92907325,-6.329366722
ENSMUSG00000065606,0.184056053,11.13535918,0.332999392,0.743000885,0.92907325,-6.32817073
ENSMUSG00000076460,0.203676758,8.847267077,0.310974368,0.759410126,0.92907325,-6.20497623
ENSMUSG00000065409|ENSMUSG00000105585,0.227530146,9.832531024,0.298904328,0.768453353,0.92907325,-6.265694821
ENSMUSG00000070110,0.232453197,2.129401107,0.291392846,0.774098589,0.92907325,-5.855209258
ENSMUSG00000099286,0.27636079,1.550867846,0.282451686,0.780835217,0.92907325,-5.85821313
ENSMUSG00000092741,0.27845875,9.091627772,0.3266213,0.747740119,0.92907325,-6.214540151
ENSMUSG00000065485,0.283181593,-0.647063175,0.297276409,0.769675693,0.92907325,-5.903842397
ENSMUSG00000098826,0.288584496,-0.394915206,0.336350388,0.740515149,0.92907325,-5.887146378
ENSMUSG00000104618,0.303721448,9.264205517,0.330125826,0.74513479,0.92907325,-6.22369752
ENSMUSG00000093080,0.304246601,1.4059562,0.284116823,0.779579265,0.92907325,-5.859670546
ENSMUSG00000093037,0.306096432,1.057857884,0.284117442,0.779578797,0.92907325,-5.861700421
ENSMUSG00000065498,0.347965572,0.71984027,0.332482068,0.743384892,0.92907325,-5.858690401
ENSMUSG00000076379,0.379700123,0.481009504,0.336727263,0.74023577,0.92907325,-5.863607859
ENSMUSG00000092998,0.386129122,9.73787931,0.302093226,0.766060748,0.92907325,-6.256603912
ENSMUSG00000104755,0.417636506,5.519110368,0.316678639,0.755148624,0.92907325,-5.99718977
ENSMUSG00000065505,0.422733526,6.88479699,0.308385601,0.761346751,0.92907325,-6.081913502
ENSMUSG00000093293,0.422923995,-0.747486043,0.337922167,0.739350229,0.92907325,-5.892842985
ENSMUSG00000099063,-0.348284474,1.685837768,-0.279172912,0.783310092,0.929965065,-5.849030913
ENSMUSG00000098473,0.211956882,0.504579299,0.275045127,0.786429199,0.931616128,-5.882819945
ENSMUSG00000065409|ENSMUSG00000105585,0.203511337,9.822208153,0.267654901,0.792022799,0.936184843,-6.274172614
ENSMUSG00000070140,-0.426756094,0.057524538,-0.246175275,0.808345603,0.936628454,-5.900240171
ENSMUSG00000065416,-0.403650973,7.525559021,-0.239744303,0.81325068,0.936628454,-6.146352094
ENSMUSG00000065401,-0.38504821,4.146924837,-0.263009812,0.795544608,0.936628454,-5.939214541
ENSMUSG00000106581,-0.28221912,1.253861356,-0.241309263,0.812056302,0.936628454,-5.863945388
ENSMUSG00000096377,-0.275513859,0.918520056,-0.247578448,0.807276443,0.936628454,-5.868453226
ENSMUSG00000093315,-0.268296509,5.362054383,-0.244654312,0.809504953,0.936628454,-6.009707911
ENSMUSG00000065587,-0.218452649,3.101923072,-0.260984608,0.797081498,0.936628454,-5.89054331
ENSMUSG00000098756,0.193824157,7.574936882,0.253628586,0.802670988,0.936628454,-6.144985922
ENSMUSG00000104890|ENSMUSG00000105118,0.210607528,0.684979136,0.24686478,0.80782018,0.936628454,-5.882730761
ENSMUSG00000098808,0.282312326,0.302412045,0.257349088,0.799842564,0.936628454,-5.897282733
ENSMUSG00000098419,0.294112483,2.021728873,0.248152217,0.806839368,0.936628454,-5.86748952
ENSMUSG00000106436,0.305094061,0.127592175,0.24382919,0.81013409,0.936628454,-5.904106351
,-0.368613021,2.16302122,-0.229975721,0.820716617,0.940546025,-5.87044462
ENSMUSG00000065586,0.318117964,4.172321266,0.230457446,0.820348024,0.940546025,-5.945896743
ENSMUSG00000094253,0.376840291,4.046435276,0.22844628,0.821887158,0.940546025,-5.93710447
ENSMUSG00000077980,-0.415438514,1.246199682,-0.224624531,0.824813967,0.941895611,-5.865174196
ENSMUSG00000092958,-0.274137395,3.723784448,-0.218871476,0.829224805,0.944930591,-5.928830556
ENSMUSG00000093254,-0.37863087,3.167024488,-0.208478422,0.837207843,0.946288145,-5.905819878
ENSMUSG00000098881,0.193422986,-0.544165133,0.208178263,0.837438673,0.946288145,-5.924805139
ENSMUSG00000098389,0.209927657,1.593227666,0.210855988,0.835379963,0.946288145,-5.871601133
ENSMUSG00000065443,0.396160858,1.10611693,0.209337867,0.836546988,0.946288145,-5.885499568
ENSMUSG00000092807,0.144495271,6.131577292,0.203632407,0.840936416,0.948252569,-6.062962186
ENSMUSG00000065539,-0.347202399,0.216638889,-0.187987545,0.852999755,0.94838052,-5.906290316
ENSMUSG00000099311,-0.263332379,-0.741132882,-0.187512674,0.853366516,0.94838052,-5.930458418
ENSMUSG00000065575,-0.182389713,1.791310912,-0.191632257,0.850185959,0.94838052,-5.870953776
ENSMUSG00000065547,0.114410522,6.588901876,0.193744192,0.848556444,0.94838052,-6.094325476
ENSMUSG00000104813|ENSMUSG00000070065,0.145011414,6.785548335,0.187650231,0.853260271,0.94838052,-6.107136986
ENSMUSG00000089371,0.180969219,0.7799393,0.190645531,0.85094753,0.94838052,-5.892039337
ENSMUSG00000065455,0.241928962,14.94151664,0.195030622,0.847564212,0.94838052,-6.547743608
ENSMUSG00000070128,0.248630117,-0.098364335,0.181903751,0.857701083,0.951236386,-5.920615479
ENSMUSG00000065561,-0.205951983,1.605286671,-0.159338365,0.875185285,0.960743113,-5.874668626
ENSMUSG00000099267,-0.126738744,2.436508717,-0.16378302,0.87173592,0.960743113,-5.888981074
ENSMUSG00000080626,0.13485763,-0.787619235,0.161002667,0.873893365,0.960743113,-5.936372555
ENSMUSG00000070077,0.168705822,2.124992672,0.164580719,0.871117128,0.960743113,-5.883125056
ENSMUSG00000065536,0.18118336,9.705244652,0.168079372,0.868404164,0.960743113,-6.290245965
ENSMUSG00000065408,-0.278328601,1.001945336,-0.12273494,0.903683668,0.964858308,-5.890623211
ENSMUSG00000093515,-0.216591817,2.457274975,-0.136443251,0.892992788,0.964858308,-5.891238185
ENSMUSG00000098769,-0.159173317,2.231482486,-0.128282606,0.899354732,0.964858308,-5.886768619
ENSMUSG00000098701,-0.145288851,-0.859947809,-0.135012723,0.894107483,0.964858308,-5.941055881
ENSMUSG00000106145,-0.142186132,-0.544672767,-0.144636638,0.886612832,0.964858308,-5.934662821
ENSMUSG00000099075,-0.139863285,0.277610527,-0.126602349,0.900665528,0.964858308,-5.91965774
ENSMUSG00000098293,-0.124542042,-0.102942402,-0.130633472,0.897521284,0.964858308,-5.929745496
ENSMUSG00000093618,-0.118084228,0.127200351,-0.12233578,0.903995261,0.964858308,-5.924747934
ENSMUSG00000080452|ENSMUSG00000099007,-0.105513657,4.623395495,-0.129983371,0.898028241,0.964858308,-5.98957421
ENSMUSG00000104813|ENSMUSG00000070065,0.09193224,6.756627209,0.122435239,0.90391762,0.964858308,-6.115852958
ENSMUSG00000099181,0.115296329,-0.037207854,0.148578863,0.883545946,0.964858308,-5.925731571
ENSMUSG00000065486,0.147716776,2.595138111,0.147351468,0.884500607,0.964858308,-5.896264933
ENSMUSG00000065451,0.174909951,8.568728095,0.134590037,0.894436893,0.964858308,-6.228188922
ENSMUSG00000094210|ENSMUSG00000097499,0.180507059,4.289111606,0.124397497,0.902386015,0.964858308,-5.969554993
ENSMUSG00000065502,-0.144567562,-0.91994968,-0.11438764,0.910203023,0.967694346,-5.944786893
ENSMUSG00000065417,-0.116692824,8.669791996,-0.109370669,0.914124537,0.967694346,-6.238363616
ENSMUSG00000093042,-0.106215983,-0.027256668,-0.111282548,0.912629844,0.967694346,-5.930238469
ENSMUSG00000098646,-0.087833009,0.400531216,-0.100562064,0.921015212,0.967694346,-5.916838507
ENSMUSG00000065590,-0.065631608,5.84620838,-0.102599068,0.91942114,0.967694346,-6.061991698
ENSMUSG00000098540,0.095631969,2.530076136,0.113257238,0.911086398,0.967694346,-5.899101089
ENSMUSG00000070129|ENSMUSG00000098913,0.149340002,0.846945717,0.101617415,0.920189297,0.967694346,-5.901896626
ENSMUSG00000065426,0.213732141,0.857946946,0.103860709,0.918434009,0.967694346,-5.905921413
ENSMUSG00000105799,-0.175101789,5.907103834,-0.094295646,0.925921177,0.969070901,-6.065933056
ENSMUSG00000070138,-0.163168792,-0.117818483,-0.094613164,0.925672517,0.969070901,-5.934156128
ENSMUSG00000098457,0.087558693,-0.058500948,0.091576116,0.928051254,0.969417879,-5.932495203
ENSMUSG00000098957,-0.069659752,0.442525357,-0.079288271,0.937682473,0.972839047,-5.917651054
ENSMUSG00000070074,-0.058878361,10.03462626,-0.078187174,0.93854602,0.972839047,-6.32049831
ENSMUSG00000065508,0.046728801,8.543308149,0.082911023,0.93484186,0.972839047,-6.232811859
ENSMUSG00000098706,0.078253616,0.08087666,0.081118297,0.936247433,0.972839047,-5.930908095
ENSMUSG00000065415,-0.116512551,-0.052778298,-0.068543161,0.94611267,0.973196048,-5.934284502
ENSMUSG00000065429,-0.058174605,6.697270661,-0.070235285,0.944784634,0.973196048,-6.120585526
ENSMUSG00000065523|ENSMUSG00000107367,0.064634861,10.05062134,0.07121286,0.944017475,0.973196048,-6.321065045
ENSMUSG00000065400,0.068212639,1.190235181,0.070488407,0.944585989,0.973196048,-5.893820629
ENSMUSG00000076361,-0.049342351,12.78270489,-0.063437987,0.950120351,0.975456893,-6.471336477
ENSMUSG00000098343,-0.069303119,11.28683738,-0.059137232,0.953497612,0.977063143,-6.390824318
ENSMUSG00000088491,-0.04598825,-0.615367411,-0.05586787,0.95606556,0.977835554,-5.94466161
ENSMUSG00000065473,0.087813369,8.494130255,0.048895692,0.961543535,0.981575692,-6.23220457
ENSMUSG00000065616,-0.056788875,-0.058932344,-0.039198451,0.969165782,0.985623314,-5.936032934
ENSMUSG00000105200,0.022118427,14.0379014,0.040547714,0.968105031,0.985623314,-6.531367773
ENSMUSG00000070108,-0.023267308,6.412509504,-0.030841167,0.975737275,0.986876163,-6.102985374
ENSMUSG00000099261,0.031899132,-0.434147441,0.033684201,0.973501518,0.986876163,-5.943486423
ENSMUSG00000076288,0.037191731,7.631389948,0.030646297,0.975890529,0.986876163,-6.180122535
ENSMUSG00000104740,-0.019697792,7.138524566,-0.020561794,0.983822547,0.99117823,-6.14991767
ENSMUSG00000076256,0.04132275,8.430542614,0.022576903,0.982237387,0.99117823,-6.229474402
ENSMUSG00000065592,0.022040325,0.218593187,0.018145016,0.985723766,0.991240877,-5.9285352
ENSMUSG00000088752,0.012184481,5.604054091,0.015392058,0.987889557,0.991568847,-6.052508544
ENSMUSG00000065518,0.005316097,12.79283508,0.00627103,0.995065794,0.995065794,-6.473390507
ENSMUSG00000065540,0.013541464,6.456127706,0.007075071,0.994433164,0.995065794,-6.104222996
